"DATE","TIME PERIOD","OIS - Wholesale - Weighted average rate - 1 month (bucket)  (MMSR.B.U2._X._Z.S1ZV._Z.O._X.WR._X.FC._Z._Z.EUR._Z)","OIS - Wholesale - Weighted average rate - 3 months (bucket)  (MMSR.B.U2._X._Z.S1ZV._Z.O._X.WR._X.FE._Z._Z.EUR._Z)","OIS - Wholesale - Weighted average rate - 6 months (bucket)  (MMSR.B.U2._X._Z.S1ZV._Z.O._X.WR._X.FF._Z._Z.EUR._Z)","OIS - Wholesale - Weighted average rate - 12 months (bucket)  (MMSR.B.U2._X._Z.S1ZV._Z.O._X.WR._X.FH._Z._Z.EUR._Z)","OIS - Wholesale - Weighted average rate - 2 years (bucket)  (MMSR.B.U2._X._Z.S1ZV._Z.O._X.WR._X.FI._Z._Z.EUR._Z)","OIS - Wholesale - Weighted average rate - 5 years (bucket)  (MMSR.B.U2._X._Z.S1ZV._Z.O._X.WR._X.FK._Z._Z.EUR._Z)","OIS - Wholesale - Weighted average rate - 10 years (bucket)  (MMSR.B.U2._X._Z.S1ZV._Z.O._X.WR._X.FL._Z._Z.EUR._Z)","OIS - Wholesale - Weighted average rate - Over 10 years (bucket)  (MMSR.B.U2._X._Z.S1ZV._Z.O._X.WR._X.FM._Z._Z.EUR._Z)"
"2017-03-14","14 Mar 2017","-0.44","-0.44","-0.44","-0.42","-0.39","-0.13","0.48","0.87"
"2017-05-02","02 May 2017","-0.44","-0.44","-0.44","-0.42","-0.37","-0.09","0.47","0.97"
"2017-06-13","13 Jun 2017","-0.32","-0.45","-0.44","-0.43","-0.38","","0.52","0.99"
"2017-07-25","25 Jul 2017","-0.44","-0.44","-0.44","-0.42","-0.36","-0.04","0.56","0.98"
"2017-09-12","12 Sep 2017","-0.44","-0.44","-0.44","-0.43","-0.39","-0.09","","1.05"
"2017-10-31","31 Oct 2017","-0.44","-0.44","-0.44","-0.43","-0.39","-0.05","0.58","0.98"
"2017-12-19","19 Dec 2017","-0.43","-0.43","-0.43","-0.43","-0.39","-0.06","0.54","0.87"
"2018-01-30","30 Jan 2018","-0.44","-0.43","-0.43","-0.42","-0.33","0.12","0.67"
"2018-03-13","13 Mar 2018","-0.44","-0.43","-0.44","-0.42","-0.32","0.21","0.83","1.20"
"2018-05-02","02 May 2018","-0.45","-0.45","-0.44","-0.44","-0.35","0.14","0.71","1.09"
"2018-06-19","19 Jun 2018","-0.45","-0.44","-0.44","-0.44","-0.36","0.09","0.68","1.03"
"2018-07-31","31 Jul 2018","-0.44","-0.44","-0.44","-0.44","-0.38","","0.61","1.07"
"2018-09-18","18 Sep 2018","-0.44","-0.44","-0.44","-0.43","-0.35","0.05","0.62","0.89"
"2018-10-30","30 Oct 2018","-0.44","-0.44","-0.44","-0.43","-0.31","0.16","0.74","1.21"
"2018-12-18","18 Dec 2018","-0.44","-0.44","-0.44","-0.43","-0.34","0.07","0.64","1.05"
"2019-01-29","29 Jan 2019","-0.44","-0.44","-0.44","-0.43","-0.38","","0.53","0.89"
"2019-03-12","12 Mar 2019","-0.45","-0.45","-0.45","-0.43","-0.37","-0.11","0.41","0.75"
"2019-04-16","16 Apr 2019","-0.45","-0.45","-0.45","-0.45","-0.41","-0.17","0.27","0.62"
"2019-06-11","11 Jun 2019","-0.45","-0.45","-0.46","-0.47","-0.46","-0.28","0.17","0.57"
"2019-07-30","30 Jul 2019","-0.46","-0.50","-0.54","-0.58","-0.62","-0.47","-0.08","0.38"
"2019-09-17","17 Sep 2019","-0.51","-0.56","-0.61","-0.66","-0.73","-0.70","-0.44","-0.15"
"2019-10-29","29 Oct 2019","-0.54","-0.54","-0.56","-0.61","-0.65","","-0.32","0.00"
"2019-12-17","17 Dec 2019","-0.54","-0.54","-0.54","-0.56","-0.57","-0.47","-0.17","0.13"
"2020-01-28","28 Jan 2020","-0.53","-0.53","-0.53","-0.54","-0.53","-0.41","-0.12","0.16"
"2020-03-17","17 Mar 2020","-0.56","-0.58","-0.60","-0.64","-0.67","-0.59","-0.42","-0.16"
"2020-05-05","05 May 2020","-0.55","-0.56","-0.57","-0.59","-0.58","-0.49","-0.28","-0.12"
"2020-06-09","09 Jun 2020","-0.55","-0.56","-0.57","-0.58","-0.60","-0.55","-0.33","-0.17"
"2020-07-21","21 Jul 2020","-0.56","-0.56","-0.57","-0.59","-0.61","-0.56","-0.38","-0.16"
"2020-09-15","15 Sep 2020","-0.55","-0.56","-0.57","-0.58","-0.60","-0.59","-0.39","-0.21"
"2020-11-03","03 Nov 2020","-0.56","-0.57","-0.58","-0.60","-0.63","-0.61","-0.42","-0.23"
"2020-12-15","15 Dec 2020","-0.56","-0.57","-0.58","-0.60","-0.60","-0.56","-0.35","-0.14"
"2021-01-26","26 Jan 2021","-0.56","-0.57","-0.54","-0.59","-0.60","-0.55","-0.36","-0.14"
"2021-03-16","16 Mar 2021","-0.57","-0.57","-0.57","-0.57","-0.58","-0.48","-0.13","0.09"
"2021-04-27","27 Apr 2021","-0.57","-0.57","-0.55","-0.57","-0.58","-0.47","-0.11","0.21"
"2021-06-15","15 Jun 2021","-0.57","-0.57","-0.57","-0.57","-0.55","-0.40","-0.04","0.20"
"2021-07-27","27 Jul 2021","-0.57","-0.57","-0.57","-0.56","-0.55","-0.41","-0.06","0.21"
"2021-09-14","14 Sep 2021","-0.57","-0.57","-0.57","-0.57","-0.57","-0.47","-0.17","0.06"
"2021-11-02","02 Nov 2021","-0.57","-0.57","-0.56","-0.55","-0.50","-0.29","-0.01","0.24"
"2021-12-21","21 Dec 2021","-0.58","-0.58","-0.57","-0.55","-0.46","-0.28","-0.03","0.15"
"2022-02-08","08 Feb 2022","-0.58","-0.57","-0.56","-0.50","-0.27","-0.05","0.21","0.40"
"2022-03-15","15 Mar 2022","-0.57","-0.57","-0.55","-0.42","-0.06","0.32","0.57","0.67"
"2022-04-19","19 Apr 2022","-0.58","-0.56","-0.49","-0.23","0.34","0.71","1.03","1.09"
"2022-06-14","14 Jun 2022","-0.58","-0.46","-0.21","0.30","0.81","1.26","1.57","1.64"
"2022-07-26","26 Jul 2022","-0.45","-0.19","0.20","0.76","1.25","1.57","1.91","2.06"
"2022-09-13","13 Sep 2022","0.19","0.47","0.91","1.22","1.56","1.70","1.79","1.90"
"2022-11-01","01 Nov 2022","0.93","1.34","1.83","2.35","2.56","2.63","2.71","2.67"
"2022-12-20","20 Dec 2022","1.55","1.96","2.32","2.61","2.63","2.47","2.50","2.33"
"2023-02-07","07 Feb 2023","2.08","2.40","2.73","3.10","2.98","2.62","2.59","2.38"
"2023-03-21","21 Mar 2023","2.59","2.88","3.18","3.39","3.33","2.96","2.78","2.74"
"2023-05-09","09 May 2023","2.99","3.14","3.33","3.44","3.18","2.83","2.77","2.71"
"2023-06-20","20 Jun 2023","3.25","3.43","3.56","3.60","3.31","2.84","2.81","2.79"
"2023-08-01","01 Aug 2023","3.48","3.63","3.76","3.83","3.59","3.02","2.85","2.74"
"2023-09-19","19 Sep 2023","3.72","3.79","3.84","3.81","3.48","3.02","2.98","2.92"
"2023-10-31","31 Oct 2023","3.91","3.93","3.95","3.86","3.51","3.15","3.21","3.20"
"2023-12-19","19 Dec 2023","3.90","3.90","3.83","3.58","3.05","2.68","2.71","2.74"
"2024-01-30","30 Jan 2024","3.90","3.88","3.72","3.29","2.70","2.34","2.46","2.46"
"2024-03-12","12 Mar 2024","3.90","3.88","3.75","3.41","2.89","2.51","2.52","2.55"
"2024-04-16","16 Apr 2024","3.90","3.86","3.72","3.44","2.98","2.56","2.53","2.61"
"2024-06-11","11 Jun 2024","3.84","3.74","3.63","3.45","3.12","2.72","2.66","2.65"
"2024-07-23","23 Jul 2024","3.66","3.63","3.53","3.32","2.99","2.64","2.64","2.62"
"2024-09-17","17 Sep 2024","3.56","3.45","3.27","2.88","2.47","2.30","2.37","2.40"
"2024-10-22","22 Oct 2024","3.33","3.21","2.97","2.54","2.23","2.18","2.27","2.34"
"2024-12-17","17 Dec 2024","3.11","2.89","2.57","2.23","2.02","2.00","2.16","2.15"
"2025-02-04","04 Feb 2025","2.75","2.64","2.42","2.20","2.10","2.19","2.32","2.37"
"2025-03-11","11 Mar 2025","2.57","2.41","2.26","2.10","2.04","2.16","2.34","2.38"
"2025-04-22","22 Apr 2025","2.34","2.22","2.10","1.95","1.86","2.18","2.47","2.51"
"2025-06-10","10 Jun 2025","2.10","1.98","1.86","1.75","1.73","2.02","2.38","2.52"
"2025-07-29","29 Jul 2025","1.92","1.89","1.84","1.76","1.77","2.07","2.45","2.55"
"2025-09-16","16 Sep 2025","1.93","1.92","1.89","1.84","1.85","2.12","2.48","2.70"
"2025-11-04","04 Nov 2025","1.93","1.92","1.91","1.87","1.88","2.13","2.47","2.72"
