date,3m
1999-01-01,3.245
1999-01-07,3.206
1999-01-13,3.183
1999-01-19,3.056
1999-01-25,3.069
1999-01-29,3.074
1999-02-04,3.105
1999-02-10,3.109
1999-02-16,3.092
1999-02-22,3.075
1999-02-26,3.098
1999-03-04,3.111
1999-03-10,3.081
1999-03-16,3.036
1999-03-22,3.02
1999-03-26,2.991
1999-04-01,2.942
1999-04-07,2.9
1999-04-13,2.651
1999-04-19,2.621
1999-04-23,2.594
1999-04-29,2.585
1999-05-05,2.581
1999-05-11,2.579
1999-05-17,2.575
1999-05-21,2.581
1999-05-27,2.577
1999-06-02,2.601
1999-06-08,2.6
1999-06-14,2.623
1999-06-18,2.632
1999-06-24,2.649
1999-06-30,2.669
1999-07-06,2.663
1999-07-12,2.665
1999-07-16,2.693
1999-07-22,2.681
1999-07-28,2.685
1999-08-03,2.705
1999-08-09,2.703
1999-08-13,2.704
1999-08-19,2.677
1999-08-25,2.686
1999-08-31,2.697
1999-09-06,2.69
1999-09-10,2.692
1999-09-16,2.69
1999-09-22,2.687
1999-09-28,2.698
1999-10-04,3.225
1999-10-08,3.263
1999-10-14,3.379
1999-10-20,3.45
1999-10-26,3.485
1999-11-01,3.501
1999-11-05,3.505
1999-11-11,3.462
1999-11-17,3.449
1999-11-23,3.451
1999-11-29,3.445
1999-12-03,3.454
1999-12-09,3.461
1999-12-15,3.456
1999-12-21,3.466
1999-12-27,3.45
2000-01-03,3.338
2000-01-07,3.322
2000-01-13,3.322
2000-01-19,3.308
2000-01-25,3.322
2000-01-31,3.492
2000-02-04,3.493
2000-02-10,3.487
2000-02-16,3.488
2000-02-22,3.625
2000-02-28,3.616
2000-03-03,3.632
2000-03-09,3.714
2000-03-15,3.794
2000-03-21,3.766
2000-03-27,3.797
2000-03-31,3.831
2000-04-06,3.834
2000-04-12,3.917
2000-04-18,3.937
2000-04-26,4.036
2000-05-03,4.183
2000-05-09,4.319
2000-05-15,4.329
2000-05-19,4.461
2000-05-25,4.428
2000-05-31,4.453
2000-06-06,4.428
2000-06-12,4.549
2000-06-16,4.476
2000-06-22,4.518
2000-06-28,4.547
2000-07-04,4.547
2000-07-10,4.537
2000-07-14,4.558
2000-07-20,4.636
2000-07-26,4.631
2000-08-01,4.636
2000-08-07,4.639
2000-08-11,4.711
2000-08-17,4.841
2000-08-23,4.87
2000-08-29,4.915
2000-09-04,4.816
2000-09-08,4.86
2000-09-14,4.831
2000-09-20,4.818
2000-09-26,4.884
2000-10-02,4.991
2000-10-06,5.021
2000-10-12,5.007
2000-10-18,5.016
2000-10-24,5.1
2000-10-30,5.138
2000-11-03,5.125
2000-11-09,5.123
2000-11-15,5.085
2000-11-21,5.07
2000-11-27,5.075
2000-12-01,5.021
2000-12-07,4.956
2000-12-13,4.966
2000-12-19,4.916
2000-12-25,4.879
2000-12-29,4.855
2001-01-05,4.701
2001-01-11,4.797
2001-01-17,4.795
2001-01-23,4.756
2001-01-29,4.785
2001-02-02,4.724
2001-02-08,4.731
2001-02-14,4.743
2001-02-20,4.779
2001-02-26,4.811
2001-03-02,4.761
2001-03-08,4.778
2001-03-14,4.784
2001-03-20,4.766
2001-03-26,4.566
2001-03-30,4.561
2001-04-05,4.573
2001-04-11,4.583
2001-04-19,4.677
2001-04-25,4.78
2001-05-02,4.817
2001-05-08,4.801
2001-05-14,4.572
2001-05-18,4.557
2001-05-24,4.559
2001-05-30,4.544
2001-06-05,4.486
2001-06-11,4.451
2001-06-15,4.465
2001-06-21,4.433
2001-06-27,4.435
2001-07-03,4.416
2001-07-09,4.482
2001-07-13,4.484
2001-07-19,4.466
2001-07-25,4.466
2001-07-31,4.444
2001-08-06,4.425
2001-08-10,4.382
2001-08-16,4.346
2001-08-22,4.308
2001-08-28,4.305
2001-09-03,4.254
2001-09-07,4.264
2001-09-13,4.165
2001-09-19,3.76
2001-09-25,3.654
2001-10-01,3.656
2001-10-05,3.558
2001-10-11,3.614
2001-10-17,3.645
2001-10-23,3.579
2001-10-29,3.576
2001-11-02,3.499
2001-11-08,3.324
2001-11-14,3.338
2001-11-20,3.349
2001-11-26,3.369
2001-11-30,3.36
2001-12-06,3.364
2001-12-12,3.351
2001-12-18,3.35
2001-12-24,3.34
2002-01-03,3.272
2002-01-09,3.325
2002-01-15,3.329
2002-01-21,3.346
2002-01-25,3.378
2002-01-31,3.371
2002-02-06,3.353
2002-02-12,3.352
2002-02-18,3.352
2002-02-22,3.355
2002-02-28,3.366
2002-03-06,3.369
2002-03-12,3.374
2002-03-18,3.381
2002-03-22,3.401
2002-03-28,3.448
2002-04-05,3.43
2002-04-11,3.414
2002-04-17,3.395
2002-04-23,3.392
2002-04-29,3.386
2002-05-06,3.416
2002-05-10,3.427
2002-05-16,3.497
2002-05-22,3.487
2002-05-28,3.497
2002-06-03,3.483
2002-06-07,3.466
2002-06-13,3.47
2002-06-19,3.467
2002-06-25,3.461
2002-07-01,3.438
2002-07-05,3.439
2002-07-11,3.414
2002-07-17,3.407
2002-07-23,3.402
2002-07-29,3.373
2002-08-02,3.361
2002-08-08,3.336
2002-08-14,3.326
2002-08-20,3.353
2002-08-26,3.368
2002-08-30,3.358
2002-09-05,3.314
2002-09-11,3.315
2002-09-17,3.314
2002-09-23,3.297
2002-09-27,3.297
2002-10-03,3.265
2002-10-09,3.23
2002-10-15,3.281
2002-10-21,3.263
2002-10-25,3.253
2002-10-31,3.259
2002-11-06,3.214
2002-11-12,3.174
2002-11-18,3.1
2002-11-22,3.043
2002-11-28,3.055
2002-12-04,2.989
2002-12-10,2.918
2002-12-16,2.942
2002-12-20,2.943
2002-12-30,2.867
2003-01-06,2.86
2003-01-10,2.836
2003-01-16,2.828
2003-01-22,2.825
2003-01-28,2.818
2003-02-03,2.807
2003-02-07,2.763
2003-02-13,2.707
2003-02-19,2.687
2003-02-25,2.571
2003-03-03,2.503
2003-03-07,2.528
2003-03-13,2.545
2003-03-19,2.562
2003-03-25,2.528
2003-03-31,2.522
2003-04-04,2.517
2003-04-10,2.519
2003-04-16,2.561
2003-04-24,2.552
2003-04-30,2.53
2003-05-07,2.476
2003-05-13,2.464
2003-05-19,2.381
2003-05-23,2.345
2003-05-29,2.292
2003-06-04,2.185
2003-06-10,2.133
2003-06-16,2.129
2003-06-20,2.142
2003-06-26,2.14
2003-07-02,2.142
2003-07-08,2.134
2003-07-14,2.129
2003-07-18,2.128
2003-07-24,2.122
2003-07-30,2.121
2003-08-05,2.138
2003-08-11,2.135
2003-08-15,2.138
2003-08-21,2.141
2003-08-27,2.154
2003-09-02,2.153
2003-09-08,2.157
2003-09-12,2.152
2003-09-18,2.15
2003-09-24,2.135
2003-09-30,2.128
2003-10-06,2.145
2003-10-10,2.135
2003-10-16,2.14
2003-10-22,2.152
2003-10-28,2.154
2003-11-03,2.163
2003-11-07,2.169
2003-11-13,2.171
2003-11-19,2.147
2003-11-25,2.152
2003-12-01,2.16
2003-12-05,2.154
2003-12-11,2.15
2003-12-17,2.144
2003-12-23,2.142
2003-12-31,2.124
2004-01-07,2.104
2004-01-13,2.092
2004-01-19,2.077
2004-01-23,2.073
2004-01-29,2.091
2004-02-04,2.085
2004-02-10,2.07
2004-02-16,2.065
2004-02-20,2.061
2004-02-26,2.053
2004-03-03,2.057
2004-03-09,2.052
2004-03-15,2.052
2004-03-19,2.034
2004-03-25,1.989
2004-03-31,1.958
2004-04-06,2.051
2004-04-14,2.048
2004-04-20,2.052
2004-04-26,2.064
2004-04-30,2.073
2004-05-06,2.074
2004-05-12,2.084
2004-05-18,2.091
2004-05-24,2.093
2004-05-28,2.087
2004-06-03,2.096
2004-06-09,2.103
2004-06-15,2.121
2004-06-21,2.124
2004-06-28,2.121
2004-07-02,2.116
2004-07-08,2.114
2004-07-14,2.115
2004-07-20,2.115
2004-07-26,2.117
2004-07-30,2.116
2004-08-05,2.116
2004-08-11,2.113
2004-08-17,2.113
2004-08-23,2.114
2004-08-27,2.115
2004-09-02,2.111
2004-09-08,2.115
2004-09-14,2.116
2004-09-20,2.115
2004-09-24,2.116
2004-09-30,2.15
2004-10-06,2.15
2004-10-12,2.146
2004-10-18,2.145
2004-10-22,2.145
2004-10-28,2.152
2004-11-03,2.158
2004-11-09,2.17
2004-11-15,2.173
2004-11-19,2.176
2004-11-25,2.176
2004-12-01,2.174
2004-12-07,2.171
2004-12-13,2.174
2004-12-17,2.175
2004-12-23,2.178
2004-12-29,2.18
2005-01-04,2.151
2005-01-10,2.146
2005-01-14,2.144
2005-01-20,2.144
2005-01-26,2.143
2005-02-01,2.142
2005-02-07,2.142
2005-02-11,2.14
2005-02-17,2.135
2005-02-23,2.135
2005-03-01,2.136
2005-03-07,2.133
2005-03-11,2.135
2005-03-17,2.136
2005-03-23,2.142
2005-03-31,2.147
2005-04-06,2.148
2005-04-12,2.14
2005-04-18,2.134
2005-04-22,2.133
2005-04-28,2.128
2005-05-04,2.125
2005-05-10,2.125
2005-05-16,2.126
2005-05-20,2.126
2005-05-26,2.125
2005-06-01,2.124
2005-06-07,2.116
2005-06-13,2.111
2005-06-17,2.116
2005-06-23,2.102
2005-06-29,2.104
2005-07-05,2.114
2005-07-11,2.115
2005-07-15,2.122
2005-07-21,2.123
2005-07-27,2.126
2005-08-02,2.127
2005-08-08,2.133
2005-08-12,2.134
2005-08-18,2.132
2005-08-24,2.132
2005-08-30,2.134
2005-09-05,2.131
2005-09-09,2.134
2005-09-15,2.136
2005-09-21,2.136
2005-09-27,2.144
2005-10-03,2.178
2005-10-07,2.192
2005-10-13,2.185
2005-10-19,2.188
2005-10-25,2.186
2005-10-31,2.263
2005-11-04,2.265
2005-11-10,2.324
2005-11-16,2.35
2005-11-22,2.437
2005-11-28,2.461
2005-12-02,2.452
2005-12-08,2.452
2005-12-14,2.463
2005-12-20,2.489
2005-12-26,2.495
2005-12-30,2.488
2006-01-05,2.49
2006-01-11,2.502
2006-01-17,2.508
2006-01-23,2.524
2006-01-27,2.536
2006-02-02,2.563
2006-02-08,2.575
2006-02-14,2.596
2006-02-20,2.609
2006-02-24,2.644
2006-03-02,2.674
2006-03-08,2.694
2006-03-14,2.704
2006-03-20,2.723
2006-03-24,2.741
2006-03-30,2.814
2006-04-05,2.824
2006-04-11,2.762
2006-04-19,2.77
2006-04-25,2.79
2006-05-02,2.86
2006-05-08,2.866
2006-05-12,2.885
2006-05-18,2.893
2006-05-24,2.905
2006-05-30,2.922
2006-06-05,2.957
2006-06-09,2.953
2006-06-15,2.963
2006-06-21,2.985
2006-06-27,3.041
2006-07-03,3.055
2006-07-07,3.075
2006-07-13,3.09
2006-07-19,3.114
2006-07-25,3.134
2006-07-31,3.161
2006-08-04,3.201
2006-08-10,3.215
2006-08-16,3.227
2006-08-22,3.249
2006-08-28,3.254
2006-09-01,3.267
2006-09-07,3.294
2006-09-13,3.321
2006-09-19,3.349
2006-09-25,3.374
2006-09-29,3.417
2006-10-05,3.464
2006-10-11,3.487
2006-10-17,3.503
2006-10-23,3.526
2006-10-27,3.554
2006-11-02,3.566
2006-11-08,3.577
2006-11-14,3.593
2006-11-20,3.603
2006-11-24,3.624
2006-11-30,3.636
2006-12-06,3.653
2006-12-12,3.674
2006-12-18,3.699
2006-12-22,3.716
2006-12-28,3.723
2007-01-04,3.734
2007-01-10,3.745
2007-01-16,3.746
2007-01-22,3.755
2007-01-26,3.772
2007-02-01,3.785
2007-02-07,3.786
2007-02-13,3.814
2007-02-19,3.831
2007-02-23,3.846
2007-03-01,3.856
2007-03-07,3.868
2007-03-13,3.889
2007-03-19,3.892
2007-03-23,3.904
2007-03-29,3.922
2007-04-04,3.944
2007-04-10,3.955
2007-04-16,3.975
2007-04-20,3.988
2007-04-26,4.005
2007-05-02,4.023
2007-05-08,4.043
2007-05-14,4.063
2007-05-18,4.077
2007-05-24,4.095
2007-05-30,4.113
2007-06-05,4.126
2007-06-11,4.14
2007-06-15,4.148
2007-06-21,4.159
2007-06-27,4.164
2007-07-03,4.182
2007-07-09,4.197
2007-07-13,4.214
2007-07-19,4.226
2007-07-25,4.239
2007-07-31,4.26
2007-08-06,4.309
2007-08-10,4.451
2007-08-16,4.574
2007-08-22,4.676
2007-08-28,4.717
2007-09-03,4.741
2007-09-07,4.752
2007-09-13,4.73
2007-09-19,4.723
2007-09-25,4.725
2007-10-01,4.791
2007-10-05,4.775
2007-10-11,4.732
2007-10-17,4.655
2007-10-23,4.63
2007-10-29,4.606
2007-11-02,4.591
2007-11-08,4.579
2007-11-14,4.576
2007-11-20,4.636
2007-11-26,4.713
2007-11-30,4.81
2007-12-06,4.884
2007-12-12,4.953
2007-12-18,4.876
2007-12-24,4.765
2008-01-02,4.665
2008-01-08,4.598
2008-01-14,4.558
2008-01-18,4.411
2008-01-24,4.302
2008-01-30,4.381
2008-02-05,4.372
2008-02-11,4.334
2008-02-15,4.355
2008-02-21,4.373
2008-02-27,4.386
2008-03-04,4.391
2008-03-10,4.558
2008-03-14,4.617
2008-03-20,4.674
2008-03-26,4.718
2008-04-01,4.731
2008-04-07,4.742
2008-04-11,4.747
2008-04-17,4.784
2008-04-23,4.829
2008-04-29,4.857
2008-05-06,4.857
2008-05-12,4.857
2008-05-16,4.859
2008-05-22,4.855
2008-05-28,4.857
2008-06-03,4.864
2008-06-09,4.961
2008-06-13,4.961
2008-06-19,4.961
2008-06-25,4.958
2008-07-01,4.955
2008-07-07,4.96
2008-07-11,4.963
2008-07-17,4.958
2008-07-23,4.963
2008-07-29,4.961
2008-08-04,4.97
2008-08-08,4.966
2008-08-14,4.964
2008-08-20,4.964
2008-08-26,4.965
2008-09-01,4.961
2008-09-05,4.96
2008-09-11,4.958
2008-09-17,4.973
2008-09-23,5.055
2008-09-29,5.237
2008-10-03,5.339
2008-10-09,5.393
2008-10-15,5.168
2008-10-21,4.968
2008-10-27,4.912
2008-10-31,4.76
2008-11-06,4.592
2008-11-12,4.286
2008-11-18,4.153
2008-11-24,3.97
2008-11-28,3.853
2008-12-04,3.669
2008-12-10,3.376
2008-12-16,3.204
2008-12-22,3.053
2008-12-30,2.928
2009-01-06,2.797
2009-01-12,2.653
2009-01-16,2.453
2009-01-22,2.254
2009-01-28,2.115
2009-02-03,2.064
2009-02-09,2.005
2009-02-13,1.943
2009-02-19,1.888
2009-02-25,1.848
2009-03-03,1.799
2009-03-09,1.703
2009-03-13,1.64
2009-03-19,1.584
2009-03-25,1.548
2009-03-31,1.51
2009-04-06,1.466
2009-04-14,1.423
2009-04-20,1.405
2009-04-24,1.4
2009-04-30,1.365
2009-05-07,1.327
2009-05-13,1.281
2009-05-19,1.237
2009-05-25,1.264
2009-05-29,1.269
2009-06-04,1.26
2009-06-10,1.283
2009-06-16,1.252
2009-06-22,1.215
2009-06-26,1.12
2009-07-02,1.072
2009-07-08,1.029
2009-07-14,0.985
2009-07-20,0.944
2009-07-24,0.921
2009-07-30,0.899
2009-08-05,0.884
2009-08-11,0.883
2009-08-17,0.861
2009-08-21,0.849
2009-08-27,0.829
2009-09-02,0.813
2009-09-08,0.788
2009-09-14,0.771
2009-09-18,0.762
2009-09-24,0.743
2009-09-30,0.753
2009-10-06,0.744
2009-10-12,0.743
2009-10-16,0.739
2009-10-22,0.733
2009-10-28,0.724
2009-11-03,0.72
2009-11-09,0.715
2009-11-13,0.714
2009-11-19,0.715
2009-11-25,0.716
2009-12-01,0.72
2009-12-07,0.717
2009-12-11,0.714
2009-12-17,0.712
2009-12-23,0.706
2009-12-30,0.7
2010-01-06,0.694
2010-01-12,0.685
2010-01-18,0.677
2010-01-22,0.67
2010-01-28,0.665
2010-02-03,0.665
2010-02-09,0.661
2010-02-15,0.661
2010-02-19,0.661
2010-02-25,0.658
2010-03-03,0.655
2010-03-09,0.652
2010-03-15,0.646
2010-03-19,0.642
2010-03-25,0.635
2010-03-31,0.634
2010-04-06,0.638
2010-04-12,0.642
2010-04-16,0.644
2010-04-22,0.644
2010-04-28,0.654
2010-05-04,0.668
2010-05-10,0.682
2010-05-14,0.684
2010-05-20,0.692
2010-05-26,0.697
2010-06-01,0.702
2010-06-07,0.711
2010-06-11,0.719
2010-06-17,0.729
2010-06-23,0.739
2010-06-29,0.761
2010-07-05,0.793
2010-07-09,0.822
2010-07-15,0.846
2010-07-21,0.881
2010-07-27,0.893
2010-08-02,0.898
2010-08-06,0.905
2010-08-12,0.899
2010-08-18,0.894
2010-08-24,0.889
2010-08-30,0.888
2010-09-03,0.883
2010-09-09,0.879
2010-09-15,0.876
2010-09-21,0.879
2010-09-27,0.879
2010-10-01,0.942
2010-10-07,0.965
2010-10-13,0.985
2010-10-19,1.008
2010-10-25,1.032
2010-10-29,1.045
2010-11-04,1.05
2010-11-10,1.048
2010-11-16,1.046
2010-11-22,1.039
2010-11-26,1.028
2010-12-02,1.027
2010-12-08,1.03
2010-12-14,1.026
2010-12-20,1.022
2010-12-24,1.014
2010-12-30,1.01
2011-01-05,0.998
2011-01-11,0.995
2011-01-17,1.009
2011-01-21,1.025
2011-01-27,1.057
2011-02-02,1.083
2011-02-08,1.079
2011-02-14,1.091
2011-02-18,1.078
2011-02-24,1.088
2011-03-02,1.095
2011-03-08,1.18
2011-03-14,1.174
2011-03-18,1.172
2011-03-24,1.197
2011-03-30,1.231
2011-04-05,1.262
2011-04-11,1.311
2011-04-15,1.332
2011-04-21,1.356
2011-04-29,1.385
2011-05-05,1.424
2011-05-11,1.42
2011-05-17,1.428
2011-05-23,1.434
2011-05-27,1.43
2011-06-02,1.435
2011-06-08,1.452
2011-06-14,1.477
2011-06-20,1.51
2011-06-24,1.528
2011-06-30,1.547
2011-07-06,1.569
2011-07-12,1.599
2011-07-18,1.608
2011-07-22,1.611
2011-07-28,1.61
2011-08-03,1.601
2011-08-09,1.555
2011-08-15,1.538
2011-08-19,1.533
2011-08-25,1.539
2011-08-31,1.542
2011-09-06,1.534
2011-09-12,1.527
2011-09-16,1.535
2011-09-22,1.536
2011-09-28,1.544
2011-10-04,1.557
2011-10-10,1.567
2011-10-14,1.574
2011-10-20,1.584
2011-10-26,1.588
2011-11-01,1.585
2011-11-07,1.476
2011-11-11,1.462
2011-11-17,1.46
2011-11-23,1.471
2011-11-29,1.477
2011-12-05,1.47
2011-12-09,1.437
2011-12-15,1.419
2011-12-21,1.416
2011-12-27,1.396
2012-01-02,1.343
2012-01-06,1.288
2012-01-12,1.245
2012-01-18,1.204
2012-01-24,1.158
2012-01-30,1.131
2012-02-03,1.102
2012-02-09,1.07
2012-02-15,1.045
2012-02-21,1.026
2012-02-27,0.997
2012-03-02,0.948
2012-03-08,0.902
2012-03-14,0.871
2012-03-20,0.832
2012-03-26,0.8
2012-03-30,0.777
2012-04-05,0.766
2012-04-13,0.753
2012-04-19,0.737
2012-04-25,0.724
2012-05-02,0.704
2012-05-08,0.692
2012-05-14,0.689
2012-05-18,0.684
2012-05-24,0.677
2012-05-30,0.671
2012-06-05,0.663
2012-06-11,0.661
2012-06-15,0.662
2012-06-21,0.655
2012-06-27,0.652
2012-07-03,0.65
2012-07-09,0.531
2012-07-13,0.486
2012-07-19,0.458
2012-07-25,0.427
2012-07-31,0.389
2012-08-06,0.374
2012-08-10,0.353
2012-08-16,0.339
2012-08-22,0.31
2012-08-28,0.29
2012-09-03,0.276
2012-09-07,0.265
2012-09-13,0.252
2012-09-19,0.238
2012-09-25,0.222
2012-10-01,0.223
2012-10-05,0.215
2012-10-11,0.21
2012-10-17,0.207
2012-10-23,0.203
2012-10-29,0.196
2012-11-02,0.197
2012-11-08,0.194
2012-11-14,0.191
2012-11-20,0.19
2012-11-26,0.189
2012-11-30,0.191
2012-12-06,0.19
2012-12-12,0.183
2012-12-18,0.184
2012-12-24,0.186
2012-12-28,0.186
2013-01-04,0.191
2013-01-10,0.19
2013-01-16,0.201
2013-01-22,0.209
2013-01-28,0.224
2013-02-01,0.234
2013-02-07,0.232
2013-02-13,0.226
2013-02-19,0.221
2013-02-25,0.213
2013-03-01,0.206
2013-03-07,0.2
2013-03-13,0.203
2013-03-19,0.207
2013-03-25,0.214
2013-03-29,0.211
2013-04-05,0.21
2013-04-11,0.211
2013-04-17,0.21
2013-04-23,0.207
2013-04-29,0.207
2013-05-03,0.201
2013-05-09,0.203
2013-05-15,0.203
2013-05-21,0.198
2013-05-27,0.201
2013-05-31,0.2
2013-06-06,0.2
2013-06-12,0.208
2013-06-18,0.21
2013-06-24,0.221
2013-06-28,0.218
2013-07-04,0.222
2013-07-10,0.217
2013-07-16,0.219
2013-07-22,0.221
2013-07-26,0.226
2013-08-01,0.228
2013-08-07,0.227
2013-08-13,0.225
2013-08-19,0.226
2013-08-23,0.225
2013-08-29,0.225
2013-09-04,0.225
2013-09-10,0.225
2013-09-16,0.223
2013-09-20,0.221
2013-09-26,0.221
2013-10-02,0.225
2013-10-08,0.227
2013-10-14,0.227
2013-10-18,0.224
2013-10-24,0.225
2013-10-30,0.228
2013-11-05,0.227
2013-11-11,0.218
2013-11-15,0.218
2013-11-21,0.217
2013-11-27,0.23
2013-12-03,0.239
2013-12-09,0.255
2013-12-13,0.282
2013-12-19,0.293
2013-12-27,0.293
2014-01-03,0.28
2014-01-09,0.282
2014-01-15,0.29
2014-01-21,0.302
2014-01-27,0.3
2014-01-31,0.296
2014-02-06,0.286
2014-02-12,0.291
2014-02-18,0.288
2014-02-24,0.288
2014-02-28,0.286
2014-03-06,0.287
2014-03-12,0.304
2014-03-18,0.309
2014-03-24,0.32
2014-03-28,0.31
2014-04-03,0.319
2014-04-09,0.327
2014-04-15,0.327
2014-04-23,0.332
2014-04-29,0.347
2014-05-06,0.337
2014-05-12,0.335
2014-05-16,0.318
2014-05-22,0.318
2014-05-28,0.314
2014-06-03,0.307
2014-06-09,0.264
2014-06-13,0.234
2014-06-19,0.212
2014-06-25,0.208
2014-07-01,0.206
2014-07-07,0.203
2014-07-11,0.203
2014-07-17,0.201
2014-07-23,0.208
2014-07-29,0.209
2014-08-04,0.208
2014-08-08,0.203
2014-08-14,0.198
2014-08-20,0.187
2014-08-26,0.171
2014-09-01,0.159
2014-09-05,0.104
2014-09-11,0.084
2014-09-17,0.082
2014-09-23,0.082
2014-09-29,0.083
2014-10-03,0.081
2014-10-09,0.079
2014-10-15,0.081
2014-10-21,0.082
2014-10-27,0.088
2014-10-31,0.086
2014-11-06,0.081
2014-11-12,0.079
2014-11-18,0.081
2014-11-24,0.081
2014-11-28,0.082
2014-12-04,0.082
2014-12-10,0.083
2014-12-16,0.082
2014-12-22,0.081
2014-12-30,0.078
2015-01-06,0.073
2015-01-12,0.071
2015-01-16,0.06
2015-01-22,0.055
2015-01-28,0.053
2015-02-03,0.055
2015-02-09,0.051
2015-02-13,0.048
2015-02-19,0.048
2015-02-25,0.042
2015-03-03,0.038
2015-03-09,0.035
2015-03-13,0.025
2015-03-19,0.024
2015-03-25,0.021
2015-03-31,0.019
2015-04-08,0.014
2015-04-14,0.008
2015-04-20,0.001
2015-04-24,-0.001
2015-04-30,-0.005
2015-05-07,-0.009
2015-05-13,-0.009
2015-05-19,-0.012
2015-05-25,-0.012
2015-05-29,-0.012
2015-06-04,-0.013
2015-06-10,-0.014
2015-06-16,-0.014
2015-06-22,-0.014
2015-06-26,-0.015
2015-07-02,-0.015
2015-07-08,-0.018
2015-07-14,-0.019
2015-07-20,-0.019
2015-07-24,-0.019
2015-07-30,-0.023
2015-08-05,-0.024
2015-08-11,-0.024
2015-08-17,-0.027
2015-08-21,-0.031
2015-08-27,-0.033
2015-09-02,-0.033
2015-09-08,-0.035
2015-09-14,-0.038
2015-09-18,-0.037
2015-09-24,-0.04
2015-09-30,-0.04
2015-10-06,-0.046
2015-10-12,-0.049
2015-10-16,-0.051
2015-10-22,-0.053
2015-10-28,-0.067
2015-11-03,-0.069
2015-11-09,-0.073
2015-11-13,-0.083
2015-11-19,-0.092
2015-11-25,-0.104
2015-12-01,-0.116
2015-12-07,-0.113
2015-12-11,-0.128
2015-12-17,-0.133
2015-12-23,-0.131
2015-12-30,-0.132
2016-01-06,-0.136
2016-01-12,-0.144
2016-01-18,-0.142
2016-01-22,-0.152
2016-01-28,-0.16
2016-02-03,-0.162
2016-02-09,-0.171
2016-02-15,-0.183
2016-02-19,-0.198
2016-02-25,-0.201
2016-03-02,-0.208
2016-03-08,-0.221
2016-03-14,-0.226
2016-03-18,-0.235
2016-03-24,-0.242
2016-04-01,-0.245
2016-04-07,-0.247
2016-04-13,-0.249
2016-04-19,-0.25
2016-04-25,-0.25
2016-04-29,-0.251
2016-05-05,-0.255
2016-05-11,-0.259
2016-05-17,-0.257
2016-05-23,-0.258
2016-05-27,-0.26
2016-06-02,-0.262
2016-06-08,-0.264
2016-06-14,-0.262
2016-06-20,-0.266
2016-06-24,-0.281
2016-06-30,-0.286
2016-07-06,-0.293
2016-07-12,-0.291
2016-07-18,-0.295
2016-07-22,-0.297
2016-07-28,-0.296
2016-08-03,-0.299
2016-08-09,-0.298
2016-08-15,-0.298
2016-08-19,-0.298
2016-08-25,-0.298
2016-08-31,-0.299
2016-09-06,-0.303
2016-09-12,-0.303
2016-09-16,-0.301
2016-09-22,-0.301
2016-09-28,-0.302
2016-10-04,-0.301
2016-10-10,-0.305
2016-10-14,-0.311
2016-10-20,-0.313
2016-10-26,-0.313
2016-11-01,-0.313
2016-11-07,-0.312
2016-11-11,-0.312
2016-11-17,-0.312
2016-11-23,-0.313
2016-11-29,-0.314
2016-12-05,-0.313
2016-12-09,-0.316
2016-12-15,-0.316
2016-12-21,-0.315
2016-12-28,-0.319
2017-01-03,-0.319
2017-01-09,-0.322
2017-01-13,-0.327
2017-01-19,-0.329
2017-01-25,-0.328
2017-01-31,-0.327
2017-02-06,-0.328
2017-02-10,-0.329
2017-02-16,-0.328
2017-02-22,-0.33
2017-02-28,-0.33
2017-03-06,-0.329
2017-03-10,-0.329
2017-03-16,-0.329
2017-03-22,-0.33
2017-03-28,-0.33
2017-04-03,-0.33
2017-04-07,-0.33
2017-04-13,-0.331
2017-04-21,-0.331
2017-04-27,-0.329
2017-05-04,-0.329
2017-05-10,-0.329
2017-05-16,-0.331
2017-05-22,-0.329
2017-05-26,-0.329
2017-06-01,-0.329
2017-06-07,-0.329
2017-06-13,-0.331
2017-06-19,-0.329
2017-06-23,-0.331
2017-06-29,-0.331
2017-07-05,-0.331
2017-07-11,-0.331
2017-07-17,-0.33
2017-07-21,-0.331
2017-07-27,-0.329
2017-08-02,-0.331
2017-08-08,-0.328
2017-08-14,-0.329
2017-08-18,-0.329
2017-08-24,-0.329
2017-08-30,-0.33
2017-09-05,-0.329
2017-09-11,-0.331
2017-09-15,-0.329
2017-09-21,-0.33
2017-09-27,-0.329
2017-10-03,-0.33
2017-10-09,-0.329
2017-10-13,-0.329
2017-10-19,-0.329
2017-10-25,-0.331
2017-10-31,-0.331
2017-11-06,-0.329
2017-11-10,-0.329
2017-11-16,-0.329
2017-11-22,-0.329
2017-11-28,-0.329
2017-12-04,-0.326
2017-12-08,-0.326
2017-12-14,-0.331
2017-12-20,-0.329
2017-12-28,-0.329
2018-01-04,-0.329
2018-01-10,-0.329
2018-01-16,-0.329
2018-01-22,-0.328
2018-01-26,-0.328
2018-02-01,-0.328
2018-02-07,-0.329
2018-02-13,-0.329
2018-02-19,-0.329
2018-02-23,-0.328
2018-03-01,-0.327
2018-03-07,-0.327
2018-03-13,-0.327
2018-03-19,-0.329
2018-03-23,-0.329
2018-03-29,-0.328
2018-04-06,-0.329
2018-04-12,-0.329
2018-04-18,-0.328
2018-04-24,-0.328
2018-04-30,-0.329
2018-05-07,-0.328
2018-05-11,-0.327
2018-05-17,-0.326
2018-05-23,-0.323
2018-05-29,-0.321
2018-06-04,-0.321
2018-06-08,-0.321
2018-06-14,-0.321
2018-06-20,-0.323
2018-06-26,-0.323
2018-07-02,-0.321
2018-07-06,-0.321
2018-07-12,-0.321
2018-07-18,-0.321
2018-07-24,-0.321
2018-07-30,-0.319
2018-08-03,-0.319
2018-08-09,-0.319
2018-08-15,-0.319
2018-08-21,-0.319
2018-08-27,-0.319
2018-08-31,-0.319
2018-09-06,-0.319
2018-09-12,-0.319
2018-09-18,-0.319
2018-09-24,-0.319
2018-09-28,-0.318
2018-10-04,-0.318
2018-10-10,-0.318
2018-10-16,-0.318
2018-10-22,-0.317
2018-10-26,-0.318
2018-11-01,-0.318
2018-11-07,-0.317
2018-11-13,-0.316
2018-11-19,-0.316
2018-11-23,-0.316
2018-11-29,-0.316
2018-12-05,-0.316
2018-12-11,-0.312
2018-12-17,-0.311
2018-12-21,-0.31
2018-12-31,-0.309
2019-01-07,-0.31
2019-01-11,-0.308
2019-01-17,-0.308
2019-01-23,-0.308
2019-01-29,-0.306
2019-02-04,-0.307
2019-02-08,-0.308
2019-02-14,-0.308
2019-02-20,-0.308
2019-02-26,-0.31
2019-03-04,-0.309
2019-03-08,-0.308
2019-03-14,-0.309
2019-03-20,-0.309
2019-03-26,-0.309
2019-04-01,-0.31
2019-04-05,-0.31
2019-04-11,-0.31
2019-04-17,-0.311
2019-04-25,-0.312
2019-05-02,-0.309
2019-05-08,-0.308
2019-05-14,-0.311
2019-05-20,-0.314
2019-05-24,-0.311
2019-05-30,-0.32
2019-06-05,-0.32
2019-06-11,-0.319
2019-06-17,-0.32
2019-06-21,-0.344
2019-06-27,-0.344
2019-07-03,-0.353
2019-07-09,-0.358
2019-07-15,-0.363
2019-07-19,-0.375
2019-07-25,-0.378
2019-07-31,-0.375
2019-08-06,-0.389
2019-08-12,-0.4
2019-08-16,-0.42
2019-08-22,-0.418
2019-08-28,-0.422
2019-09-03,-0.448
2019-09-09,-0.433
2019-09-13,-0.4
2019-09-19,-0.396
2019-09-25,-0.41
2019-10-01,-0.428
2019-10-07,-0.423
2019-10-11,-0.418
2019-10-17,-0.41
2019-10-23,-0.402
2019-10-29,-0.405
2019-11-04,-0.398
2019-11-08,-0.395
2019-11-14,-0.399
2019-11-20,-0.406
2019-11-26,-0.399
2019-12-02,-0.4
2019-12-06,-0.393
2019-12-12,-0.395
2019-12-18,-0.403
2019-12-24,-0.398
2020-01-02,-0.379
2020-01-08,-0.39
2020-01-14,-0.391
2020-01-20,-0.392
2020-01-24,-0.386
2020-01-30,-0.398
2020-02-05,-0.4
2020-02-11,-0.409
2020-02-17,-0.413
2020-02-21,-0.415
2020-02-27,-0.425
2020-03-04,-0.468
2020-03-10,-0.482
2020-03-16,-0.41
2020-03-20,-0.371
2020-03-26,-0.349
2020-04-01,-0.343
2020-04-07,-0.293
2020-04-15,-0.25
2020-04-21,-0.233
2020-04-27,-0.223
2020-05-04,-0.286
2020-05-08,-0.246
2020-05-14,-0.262
2020-05-20,-0.28
2020-05-26,-0.274
2020-06-01,-0.325
2020-06-05,-0.353
2020-06-11,-0.358
2020-06-17,-0.396
2020-06-23,-0.409
2020-06-29,-0.413
2020-07-03,-0.435
2020-07-09,-0.438
2020-07-15,-0.443
2020-07-21,-0.452
2020-07-27,-0.457
2020-07-31,-0.463
2020-08-06,-0.474
2020-08-12,-0.486
2020-08-18,-0.483
2020-08-24,-0.488
2020-08-28,-0.477
2020-09-03,-0.48
2020-09-09,-0.493
2020-09-15,-0.485
2020-09-21,-0.508
2020-09-25,-0.498
2020-10-01,-0.498
2020-10-07,-0.508
2020-10-13,-0.508
2020-10-19,-0.509
2020-10-23,-0.512
2020-10-29,-0.515
2020-11-04,-0.517
2020-11-10,-0.51
2020-11-16,-0.522
2020-11-20,-0.528
2020-11-26,-0.528
2020-12-02,-0.524
2020-12-08,-0.536
2020-12-14,-0.543
2020-12-18,-0.537
2020-12-24,-0.542
2020-12-31,-0.545
2021-01-07,-0.554
2021-01-13,-0.545
2021-01-19,-0.548
2021-01-25,-0.543
2021-01-29,-0.548
2021-02-04,-0.543
2021-02-10,-0.541
2021-02-16,-0.543
2021-02-22,-0.543
2021-02-26,-0.53
2021-03-04,-0.541
2021-03-10,-0.543
2021-03-16,-0.542
2021-03-22,-0.538
2021-03-26,-0.537
2021-04-01,-0.538
2021-04-09,-0.544
2021-04-15,-0.537
2021-04-21,-0.535
2021-04-27,-0.535
2021-05-03,-0.535
2021-05-07,-0.529
2021-05-13,-0.541
2021-05-19,-0.552
2021-05-25,-0.538
2021-05-31,-0.544
2021-06-04,-0.546
2021-06-10,-0.545
2021-06-16,-0.547
2021-06-22,-0.54
2021-06-28,-0.543
2021-07-02,-0.546
2021-07-08,-0.546
2021-07-14,-0.546
2021-07-20,-0.543
2021-07-26,-0.544
2021-07-30,-0.544
2021-08-05,-0.54
2021-08-11,-0.549
2021-08-17,-0.55
2021-08-23,-0.549
2021-08-27,-0.55
2021-09-02,-0.551
2021-09-08,-0.541
2021-09-14,-0.548
2021-09-20,-0.545
2021-09-24,-0.543
2021-09-30,-0.545
2021-10-06,-0.551
2021-10-12,-0.552
2021-10-18,-0.548
2021-10-22,-0.549
2021-10-28,-0.557
2021-11-03,-0.573
2021-11-09,-0.565
2021-11-15,-0.561
2021-11-19,-0.559
2021-11-25,-0.575
2021-12-01,-0.572
2021-12-07,-0.565
2021-12-13,-0.603
2021-12-17,-0.581
2021-12-23,-0.588
2021-12-29,-0.571
2022-01-04,-0.565
2022-01-10,-0.57
2022-01-14,-0.568
2022-01-20,-0.553
2022-01-26,-0.554
2022-02-01,-0.547
2022-02-07,-0.53
2022-02-11,-0.523
2022-02-17,-0.529
2022-02-23,-0.529
2022-03-01,-0.534
2022-03-07,-0.498
2022-03-11,-0.502
2022-03-17,-0.493
2022-03-23,-0.493
2022-03-29,-0.473
2022-04-04,-0.447
2022-04-08,-0.449
2022-04-14,-0.452
2022-04-22,-0.427
2022-04-28,-0.438
2022-05-04,-0.427
2022-05-10,-0.417
2022-05-16,-0.403
2022-05-20,-0.348
2022-05-26,-0.352
2022-06-01,-0.335
2022-06-07,-0.298
2022-06-13,-0.281
2022-06-17,-0.169
2022-06-23,-0.186
2022-06-29,-0.191
2022-07-05,-0.145
2022-07-11,-0.07
2022-07-15,0.072
2022-07-21,0.145
2022-07-27,0.238
2022-08-02,0.26
2022-08-08,0.301
2022-08-12,0.333
2022-08-18,0.391
2022-08-24,0.493
2022-08-30,0.62
2022-09-05,0.783
2022-09-09,0.934
2022-09-15,1.03
2022-09-21,1.118
2022-09-27,1.228
2022-10-03,1.185
2022-10-07,1.288
2022-10-13,1.378
2022-10-19,1.462
2022-10-25,1.577
2022-10-31,1.704
2022-11-04,1.734
2022-11-10,1.798
2022-11-16,1.803
2022-11-22,1.863
2022-11-28,1.954
2022-12-02,1.975
2022-12-08,1.99
2022-12-14,2.081
2022-12-20,2.081
2022-12-27,2.128
2023-01-02,2.162
2023-01-06,2.254
2023-01-12,2.288
2023-01-18,2.342
2023-01-24,2.501
2023-01-30,2.482
2023-02-03,2.545
2023-02-09,2.607
2023-02-15,2.682
2023-02-21,2.682
2023-02-27,2.716
2023-03-03,2.849
2023-03-09,2.948
2023-03-15,2.815
2023-03-21,2.908
2023-03-27,3.012
2023-03-31,3.038
2023-04-06,3.075
2023-04-14,3.175
2023-04-20,3.211
2023-04-26,3.242
2023-05-03,3.275
2023-05-09,3.27
2023-05-15,3.358
2023-05-19,3.415
2023-05-25,3.457
2023-05-31,3.463
2023-06-06,3.476
2023-06-12,3.478
2023-06-16,3.572
2023-06-22,3.6
2023-06-28,3.598
2023-07-04,3.613
2023-07-10,3.661
2023-07-14,3.66
2023-07-20,3.698
2023-07-26,3.714
2023-08-01,3.723
2023-08-07,3.754
2023-08-11,3.781
2023-08-17,3.815
2023-08-23,3.826
2023-08-29,3.783
2023-09-04,3.798
2023-09-08,3.8
2023-09-14,3.867
2023-09-20,3.934
2023-09-26,3.941
2023-10-02,3.951
2023-10-06,3.983
2023-10-12,3.965
2023-10-18,3.993
2023-10-24,3.941
2023-10-30,3.968
2023-11-03,3.956
2023-11-09,3.987
2023-11-15,3.994
2023-11-21,3.973
2023-11-27,3.951
2023-12-01,3.96
2023-12-07,3.969
2023-12-13,3.925
2023-12-19,3.923
2023-12-27,3.925
2024-01-03,3.929
2024-01-09,3.928
2024-01-15,3.928
2024-01-19,3.958
2024-01-25,3.925
2024-01-31,3.905
2024-02-06,3.932
2024-02-12,3.912
2024-02-16,3.933
2024-02-22,3.945
2024-02-28,3.942
2024-03-05,3.926
2024-03-11,3.928
2024-03-15,3.928
2024-03-21,3.926
2024-03-27,3.908
2024-04-04,3.891
2024-04-10,3.912
2024-04-16,3.904
2024-04-22,3.891
2024-04-26,3.865
2024-05-03,3.827
2024-05-09,3.806
2024-05-15,3.816
2024-05-21,3.823
2024-05-27,3.8
2024-05-31,3.785
2024-06-06,3.755
2024-06-12,3.72
2024-06-18,3.717
2024-06-24,3.682
2024-06-28,3.711
2024-07-04,3.708
2024-07-10,3.704
2024-07-16,3.674
2024-07-22,3.705
2024-07-26,3.655
2024-08-01,3.638
2024-08-07,3.569
2024-08-13,3.542
2024-08-19,3.551
2024-08-23,3.525
2024-08-29,3.505
2024-09-04,3.449
2024-09-10,3.46
2024-09-16,3.488
2024-09-20,3.436
2024-09-26,3.345
2024-10-02,3.246
2024-10-08,3.265
2024-10-14,3.205
2024-10-18,3.201
2024-10-24,3.072
2024-10-30,3.056
2024-11-05,3.057
2024-11-11,3.04
2024-11-15,2.998
2024-11-21,3.005
2024-11-27,2.912
2024-12-03,2.879
2024-12-09,2.862
2024-12-13,2.843
2024-12-19,2.839
2024-12-27,2.683
2025-01-03,2.731
2025-01-09,2.789
2025-01-15,2.748
2025-01-21,2.681
2025-01-27,2.641
2025-01-31,2.589
2025-02-06,2.535
2025-02-12,2.553
2025-02-18,2.516
2025-02-24,2.521
2025-02-28,2.464
2025-03-06,2.511
2025-03-12,2.527
2025-03-18,2.426
2025-03-24,2.367
2025-03-28,2.328
2025-04-03,2.349
2025-04-09,2.301
2025-04-15,2.263
2025-04-23,2.158
2025-04-29,2.176
2025-05-06,2.143
2025-05-12,2.139
2025-05-16,2.101
2025-05-22,2.049
2025-05-28,2.011
2025-06-03,1.971
2025-06-09,1.955
2025-06-13,2.004
2025-06-19,2.036
2025-06-25,1.993
2025-07-01,1.961
2025-07-07,1.944
2025-07-11,2.026
2025-07-17,2.024
2025-07-23,1.939
2025-07-29,2.026
2025-08-04,1.994
2025-08-08,2.019
2025-08-14,2.034
2025-08-20,2.034
2025-08-26,2.022
2025-09-01,2.074
2025-09-05,2.053
2025-09-11,2.014
2025-09-17,2.024
2025-09-23,1.996
2025-09-29,2.016
2025-10-03,2.02
2025-10-09,2.025
2025-10-15,2.016
2025-10-21,2.038
2025-10-27,2.084
2025-10-31,2.04
2025-11-06,1.998
2025-11-12,2.048
2025-11-18,2.051
2025-11-24,2.059
2025-11-28,2.06
2025-12-04,2.055